{"images": {"-12077.0": {"lambda": -12077.0, "pred": 0.3024335503578186, "image_name": "0.png"}, "-10735.111111111111": {"lambda": -10735.111111111111, "pred": 0.48015454411506653, "image_name": "1.png"}, "-9393.222222222223": {"lambda": -9393.222222222223, "pred": 0.6444424390792847, "image_name": "2.png"}, "-8051.333333333333": {"lambda": -8051.333333333333, "pred": 0.7981347441673279, "image_name": "3.png"}, "-6709.444444444444": {"lambda": -6709.444444444444, "pred": 0.8934164047241211, "image_name": "4.png"}, "-5367.555555555556": {"lambda": -5367.555555555556, "pred": 0.9454556703567505, "image_name": "5.png"}, "-4025.666666666666": {"lambda": -4025.666666666666, "pred": 0.9700008034706116, "image_name": "6.png"}, "-2683.7777777777774": {"lambda": -2683.7777777777774, "pred": 0.9810554385185242, "image_name": "7.png"}, "-1341.8888888888887": {"lambda": -1341.8888888888887, "pred": 0.9866809248924255, "image_name": "8.png"}, "0.0": {"lambda": 0.0, "pred": 0.9904991984367371, "image_name": "9.png"}, "resolution": 256}, "alignment": {"lambdas": [-12077.0, -10735.111111111111, -9393.222222222223, -8051.333333333333, -6709.444444444444, -5367.555555555556, -4025.666666666666, -2683.7777777777774, -1341.8888888888887, 0.0], "preds": {"*heavy_makeup-0.02big_lips": [0.3024335503578186, 0.48015454411506653, 0.6444424390792847, 0.7981347441673279, 0.8934164047241211, 0.9454556703567505, 0.9700008034706116, 0.9810554385185242, 0.9866809248924255, 0.9904991984367371], "arched_eyebrows": [0.7289, 0.7593, 0.7808, 0.7929, 0.8022, 0.8079, 0.813, 0.8164, 0.8106, 0.8004], "big_lips": [0.3953, 0.4096, 0.4212, 0.4258, 0.4282, 0.4291, 0.4212, 0.4032, 0.3682, 0.3198], "heavy_makeup": [0.3103, 0.4883, 0.6529, 0.8067, 0.902, 0.954, 0.9784, 0.9891, 0.994, 0.9969]}, "rchange": 0.3307, "diffs": 0.2945}}