{"images": {"-2400.0": {"lambda": -2400.0, "pred": 0.09441057592630386, "image_name": "0.png"}, "-2133.3333333333335": {"lambda": -2133.3333333333335, "pred": 0.14407701790332794, "image_name": "1.png"}, "-1866.6666666666665": {"lambda": -1866.6666666666665, "pred": 0.21493679285049438, "image_name": "2.png"}, "-1600.0": {"lambda": -1600.0, "pred": 0.34048372507095337, "image_name": "3.png"}, "-1333.3333333333333": {"lambda": -1333.3333333333333, "pred": 0.5157033801078796, "image_name": "4.png"}, "-1066.6666666666665": {"lambda": -1066.6666666666665, "pred": 0.7043668627738953, "image_name": "5.png"}, "-800.0": {"lambda": -800.0, "pred": 0.8449989557266235, "image_name": "6.png"}, "-533.3333333333333": {"lambda": -533.3333333333333, "pred": 0.9167794585227966, "image_name": "7.png"}, "-266.6666666666665": {"lambda": -266.6666666666665, "pred": 0.9539102911949158, "image_name": "8.png"}, "0.0": {"lambda": 0.0, "pred": 0.9753002524375916, "image_name": "9.png"}, "resolution": 256}, "alignment": {"lambdas": [-2400.0, -2133.3333333333335, -1866.6666666666665, -1600.0, -1333.3333333333333, -1066.6666666666665, -800.0, -533.3333333333333, -266.6666666666665, 0.0], "preds": {"*smiling": [0.09441057592630386, 0.14407701790332794, 0.21493679285049438, 0.34048372507095337, 0.5157033801078796, 0.7043668627738953, 0.8449989557266235, 0.9167794585227966, 0.9539102911949158, 0.9753002524375916], "arched_eyebrows": [0.8466, 0.8497, 0.8532, 0.8567, 0.8577, 0.8585, 0.8592, 0.8593, 0.8595, 0.8585], "pointy_nose": [0.2196, 0.2351, 0.2525, 0.2687, 0.2778, 0.2932, 0.3129, 0.3282, 0.3465, 0.3676], "high_cheekbones": [0.2342, 0.3163, 0.4221, 0.5492, 0.676, 0.7884, 0.8748, 0.9276, 0.9568, 0.974]}, "rchange": 0.3405, "diffs": 0.3002}}