{"images": {"-2086.0": {"lambda": -2086.0, "pred": 0.15574359893798828, "image_name": "0.png"}, "-1854.2222222222222": {"lambda": -1854.2222222222222, "pred": 0.21903550624847412, "image_name": "1.png"}, "-1622.4444444444443": {"lambda": -1622.4444444444443, "pred": 0.3284913897514343, "image_name": "2.png"}, "-1390.6666666666667": {"lambda": -1390.6666666666667, "pred": 0.47471386194229126, "image_name": "3.png"}, "-1158.888888888889": {"lambda": -1158.888888888889, "pred": 0.6414116024971008, "image_name": "4.png"}, "-927.1111111111111": {"lambda": -927.1111111111111, "pred": 0.7876821160316467, "image_name": "5.png"}, "-695.3333333333335": {"lambda": -695.3333333333335, "pred": 0.8818690180778503, "image_name": "6.png"}, "-463.55555555555566": {"lambda": -463.55555555555566, "pred": 0.9287291765213013, "image_name": "7.png"}, "-231.77777777777783": {"lambda": -231.77777777777783, "pred": 0.9575158953666687, "image_name": "8.png"}, "0.0": {"lambda": 0.0, "pred": 0.9753002524375916, "image_name": "9.png"}, "resolution": 256}, "alignment": {"lambdas": [-2086.0, -1854.2222222222222, -1622.4444444444443, -1390.6666666666667, -1158.888888888889, -927.1111111111111, -695.3333333333335, -463.55555555555566, -231.77777777777783, 0.0], "preds": {"*smiling": [0.15574359893798828, 0.21903550624847412, 0.3284913897514343, 0.47471386194229126, 0.6414116024971008, 0.7876821160316467, 0.8818690180778503, 0.9287291765213013, 0.9575158953666687, 0.9753002524375916], "arched_eyebrows": [0.8503, 0.8533, 0.8565, 0.8576, 0.8581, 0.8587, 0.8593, 0.8592, 0.8595, 0.8585]}, "rchange": 0.01, "diffs": 0.0092}}