{"images": {"-329.0": {"lambda": -329.0, "pred": 0.04534755274653435, "image_name": "0.png"}, "-292.44444444444446": {"lambda": -292.44444444444446, "pred": 0.058388907462358475, "image_name": "1.png"}, "-255.88888888888889": {"lambda": -255.88888888888889, "pred": 0.07973796129226685, "image_name": "2.png"}, "-219.33333333333331": {"lambda": -219.33333333333331, "pred": 0.11263933032751083, "image_name": "3.png"}, "-182.77777777777777": {"lambda": -182.77777777777777, "pred": 0.1606496423482895, "image_name": "4.png"}, "-146.22222222222223": {"lambda": -146.22222222222223, "pred": 0.21168754994869232, "image_name": "5.png"}, "-109.66666666666666": {"lambda": -109.66666666666666, "pred": 0.2662210762500763, "image_name": "6.png"}, "-73.11111111111109": {"lambda": -73.11111111111109, "pred": 0.32332175970077515, "image_name": "7.png"}, "-36.55555555555554": {"lambda": -36.55555555555554, "pred": 0.3892669677734375, "image_name": "8.png"}, "0.0": {"lambda": 0.0, "pred": 0.4825858175754547, "image_name": "9.png"}, "resolution": 256}, "alignment": {"lambdas": [-329.0, -292.44444444444446, -255.88888888888889, -219.33333333333331, -182.77777777777777, -146.22222222222223, -109.66666666666666, -73.11111111111109, -36.55555555555554, 0.0], "preds": {"*pointy_nose": [0.04534755274653435, 0.058388907462358475, 0.07973796129226685, 0.11263933032751083, 0.1606496423482895, 0.21168754994869232, 0.2662210762500763, 0.32332175970077515, 0.3892669677734375, 0.4825858175754547], "blurry": [0.0144, 0.0145, 0.0145, 0.0144, 0.0144, 0.0143, 0.0141, 0.0138, 0.0136, 0.0133], "sideburns": [0.0061, 0.0062, 0.0063, 0.0063, 0.0063, 0.0063, 0.0063, 0.0062, 0.0062, 0.0061], "wearing_earrings": [0.7229, 0.7359, 0.7479, 0.7583, 0.768, 0.7764, 0.7832, 0.7873, 0.7898, 0.7924], "bald": [0.0023, 0.0022, 0.0022, 0.0022, 0.0022, 0.0022, 0.0021, 0.0021, 0.0021, 0.0021], "goatee": [0.0043, 0.0042, 0.0041, 0.0039, 0.0037, 0.0036, 0.0034, 0.0033, 0.0031, 0.003], "mustache": [0.0038, 0.0037, 0.0037, 0.0037, 0.0036, 0.0036, 0.0036, 0.0036, 0.0035, 0.0035], "5_o_clock_shadow": [0.0039, 0.0039, 0.004, 0.0041, 0.0041, 0.0041, 0.0042, 0.0043, 0.0044, 0.0045], "arched_eyebrows": [0.6838, 0.6975, 0.7122, 0.7247, 0.7386, 0.7526, 0.7664, 0.777, 0.7878, 0.8004], "no_beard": [0.9941, 0.9943, 0.9944, 0.9945, 0.9946, 0.9948, 0.9949, 0.9951, 0.9954, 0.9955], "heavy_makeup": [0.9921, 0.9931, 0.9939, 0.9945, 0.995, 0.9954, 0.9956, 0.996, 0.9965, 0.9969], "male": [0.0014, 0.0013, 0.0012, 0.0011, 0.0011, 0.0011, 0.001, 0.001, 0.0009, 0.0009], "wearing_lipstick": [0.9961, 0.9966, 0.9969, 0.9972, 0.9974, 0.9976, 0.9977, 0.9978, 0.998, 0.9981], "black_hair": [0.0225, 0.0223, 0.0221, 0.0217, 0.0211, 0.0207, 0.0204, 0.0197, 0.0191, 0.0188], "high_cheekbones": [0.9681, 0.9712, 0.9743, 0.9771, 0.9792, 0.9806, 0.9821, 0.9835, 0.9844, 0.9853], "smiling": [0.9865, 0.9863, 0.9861, 0.9858, 0.9853, 0.9844, 0.9837, 0.9832, 0.9827, 0.9824], "mouth_slightly_open": [0.9943, 0.9942, 0.9942, 0.994, 0.9938, 0.9935, 0.9932, 0.9928, 0.9924, 0.992], "oval_face": [0.8432, 0.8427, 0.8377, 0.8327, 0.827, 0.8216, 0.8144, 0.8069, 0.7989, 0.7874], "bushy_eyebrows": [0.4342, 0.464, 0.4875, 0.5104, 0.5299, 0.5428, 0.5529, 0.562, 0.5727, 0.5852], "attractive": [0.9961, 0.9965, 0.9968, 0.9971, 0.9974, 0.9975, 0.9976, 0.9976, 0.9978, 0.9978], "young": [0.9925, 0.9925, 0.9925, 0.9924, 0.9921, 0.9916, 0.991, 0.9901, 0.989, 0.9878], "gray_hair": [0.004, 0.004, 0.004, 0.0039, 0.0038, 0.0038, 0.0038, 0.0039, 0.0039, 0.0039], "brown_hair": [0.6397, 0.6433, 0.647, 0.6508, 0.6556, 0.6587, 0.6608, 0.6613, 0.6602, 0.6569], "blond_hair": [0.0059, 0.0061, 0.0063, 0.0065, 0.0069, 0.0074, 0.0077, 0.0079, 0.008, 0.0077], "pale_skin": [0.0177, 0.0162, 0.0145, 0.013, 0.0116, 0.0102, 0.0089, 0.008, 0.0072, 0.0065], "chubby": [0.0046, 0.0044, 0.0041, 0.0037, 0.0033, 0.0031, 0.0029, 0.0028, 0.0026, 0.0025], "double_chin": [0.0039, 0.0038, 0.0037, 0.0036, 0.0034, 0.0033, 0.0033, 0.0033, 0.0033, 0.0034], "big_nose": [0.4631, 0.4557, 0.4447, 0.4266, 0.4059, 0.3868, 0.3639, 0.3386, 0.3075, 0.2774], "bags_under_eyes": [0.3961, 0.3788, 0.3617, 0.341, 0.3151, 0.2925, 0.2776, 0.2579, 0.2295, 0.2026], "wearing_necklace": [0.1285, 0.1276, 0.1273, 0.1275, 0.1283, 0.1287, 0.1294, 0.1298, 0.1304, 0.1325], "wearing_necktie": [0.0038, 0.0037, 0.0036, 0.0036, 0.0035, 0.0033, 0.0032, 0.0032, 0.0032, 0.0032], "rosy_cheeks": [0.0153, 0.0166, 0.0185, 0.0214, 0.0254, 0.0306, 0.0382, 0.0492, 0.0652, 0.088], "bangs": [0.0082, 0.008, 0.0078, 0.0078, 0.0078, 0.0076, 0.0075, 0.0073, 0.0071, 0.0071], "wavy_hair": [0.6145, 0.5956, 0.5758, 0.5541, 0.5318, 0.5114, 0.4945, 0.4801, 0.4682, 0.4583], "straight_hair": [0.0768, 0.0834, 0.0897, 0.0977, 0.1072, 0.117, 0.1258, 0.1347, 0.1426, 0.1506], "wearing_hat": [0.0029, 0.0029, 0.0029, 0.0029, 0.0029, 0.0029, 0.003, 0.003, 0.003, 0.0031], "big_lips": [0.3157, 0.317, 0.3156, 0.3135, 0.3094, 0.3051, 0.3048, 0.3047, 0.3083, 0.3198], "narrow_eyes": [0.0309, 0.0313, 0.0315, 0.0316, 0.0317, 0.032, 0.0326, 0.0339, 0.0354, 0.038], "pointy_nose": [0.0453, 0.0584, 0.0797, 0.1126, 0.1606, 0.2117, 0.2662, 0.3233, 0.3893, 0.4826], "receding_hairline": [0.0324, 0.0297, 0.0267, 0.0236, 0.0198, 0.0171, 0.0154, 0.0144, 0.0134, 0.0122], "eyeglasses": [0.0035, 0.0036, 0.0035, 0.0035, 0.0035, 0.0035, 0.0034, 0.0034, 0.0034, 0.0034]}, "rchange": 0.0193, "diffs": 0.0411}}