{"images": {"-329.0": {"lambda": -329.0, "pred": 0.04534824192523956, "image_name": "0.png"}, "-292.44444444444446": {"lambda": -292.44444444444446, "pred": 0.05838995799422264, "image_name": "1.png"}, "-255.88888888888889": {"lambda": -255.88888888888889, "pred": 0.07973871380090714, "image_name": "2.png"}, "-219.33333333333331": {"lambda": -219.33333333333331, "pred": 0.11263998597860336, "image_name": "3.png"}, "-182.77777777777777": {"lambda": -182.77777777777777, "pred": 0.16065050661563873, "image_name": "4.png"}, "-146.22222222222223": {"lambda": -146.22222222222223, "pred": 0.21168895065784454, "image_name": "5.png"}, "-109.66666666666666": {"lambda": -109.66666666666666, "pred": 0.2662220895290375, "image_name": "6.png"}, "-73.11111111111109": {"lambda": -73.11111111111109, "pred": 0.3233221769332886, "image_name": "7.png"}, "-36.55555555555554": {"lambda": -36.55555555555554, "pred": 0.38926762342453003, "image_name": "8.png"}, "0.0": {"lambda": 0.0, "pred": 0.4825858175754547, "image_name": "9.png"}, "resolution": 256}, "alignment": {"lambdas": [-329.0, -292.44444444444446, -255.88888888888889, -219.33333333333331, -182.77777777777777, -146.22222222222223, -109.66666666666666, -73.11111111111109, -36.55555555555554, 0.0], "preds": {"*pointy_nose": [0.04534824192523956, 0.05838995799422264, 0.07973871380090714, 0.11263998597860336, 0.16065050661563873, 0.21168895065784454, 0.2662220895290375, 0.3233221769332886, 0.38926762342453003, 0.4825858175754547], "wearing_lipstick": [0.9961, 0.9966, 0.9969, 0.9972, 0.9974, 0.9976, 0.9977, 0.9978, 0.998, 0.9981], "arched_eyebrows": [0.6838, 0.6975, 0.7122, 0.7247, 0.7386, 0.7526, 0.7664, 0.777, 0.7878, 0.8004], "pointy_nose": [0.0453, 0.0584, 0.0797, 0.1126, 0.1607, 0.2117, 0.2662, 0.3233, 0.3893, 0.4826], "high_cheekbones": [0.9681, 0.9712, 0.9743, 0.9771, 0.9792, 0.9806, 0.9821, 0.9835, 0.9844, 0.9853], "young": [0.9925, 0.9925, 0.9925, 0.9924, 0.9921, 0.9916, 0.991, 0.9901, 0.989, 0.9878]}, "rchange": 0.26, "diffs": 0.1156}}