{"images": {"-14635.0": {"lambda": -14635.0, "pred": 0.17910344898700714, "image_name": "0.png"}, "-13008.888888888889": {"lambda": -13008.888888888889, "pred": 0.288738876581192, "image_name": "1.png"}, "-11382.777777777777": {"lambda": -11382.777777777777, "pred": 0.4442192614078522, "image_name": "2.png"}, "-9756.666666666668": {"lambda": -9756.666666666668, "pred": 0.6222749948501587, "image_name": "3.png"}, "-8130.555555555556": {"lambda": -8130.555555555556, "pred": 0.7978394031524658, "image_name": "4.png"}, "-6504.444444444444": {"lambda": -6504.444444444444, "pred": 0.9136704206466675, "image_name": "5.png"}, "-4878.333333333334": {"lambda": -4878.333333333334, "pred": 0.963347315788269, "image_name": "6.png"}, "-3252.2222222222226": {"lambda": -3252.2222222222226, "pred": 0.9848451614379883, "image_name": "7.png"}, "-1626.1111111111113": {"lambda": -1626.1111111111113, "pred": 0.9930222630500793, "image_name": "8.png"}, "0.0": {"lambda": 0.0, "pred": 0.996894359588623, "image_name": "9.png"}, "resolution": 256}, "alignment": {"lambdas": [-14635.0, -13008.888888888889, -11382.777777777777, -9756.666666666668, -8130.555555555556, -6504.444444444444, -4878.333333333334, -3252.2222222222226, -1626.1111111111113, 0.0], "preds": {"*heavy_makeup": [0.17910344898700714, 0.288738876581192, 0.4442192614078522, 0.6222749948501587, 0.7978394031524658, 0.9136704206466675, 0.963347315788269, 0.9848451614379883, 0.9930222630500793, 0.996894359588623], "arched_eyebrows": [0.6174, 0.6444, 0.6658, 0.6891, 0.7149, 0.7377, 0.7559, 0.7761, 0.7922, 0.8004], "big_lips": [0.084, 0.1056, 0.1281, 0.1578, 0.1907, 0.2366, 0.2731, 0.2969, 0.3102, 0.3198], "heavy_makeup": [0.1791, 0.2887, 0.4442, 0.6223, 0.7978, 0.9137, 0.9633, 0.9848, 0.993, 0.9969]}, "rchange": 0.504, "diffs": 0.4122}}