{"images": {"-2086.0": {"lambda": -2086.0, "pred": 0.39284947514533997, "image_name": "0.png"}, "-1854.2222222222222": {"lambda": -1854.2222222222222, "pred": 0.47111767530441284, "image_name": "1.png"}, "-1622.4444444444443": {"lambda": -1622.4444444444443, "pred": 0.5657678246498108, "image_name": "2.png"}, "-1390.6666666666667": {"lambda": -1390.6666666666667, "pred": 0.681939423084259, "image_name": "3.png"}, "-1158.888888888889": {"lambda": -1158.888888888889, "pred": 0.8065398931503296, "image_name": "4.png"}, "-927.1111111111111": {"lambda": -927.1111111111111, "pred": 0.9208521842956543, "image_name": "5.png"}, "-695.3333333333335": {"lambda": -695.3333333333335, "pred": 1.0167115926742554, "image_name": "6.png"}, "-463.55555555555566": {"lambda": -463.55555555555566, "pred": 1.1000595092773438, "image_name": "7.png"}, "-231.77777777777783": {"lambda": -231.77777777777783, "pred": 1.177069067955017, "image_name": "8.png"}, "0.0": {"lambda": 0.0, "pred": 1.232857584953308, "image_name": "9.png"}, "resolution": 256}, "alignment": {"lambdas": [-2086.0, -1854.2222222222222, -1622.4444444444443, -1390.6666666666667, -1158.888888888889, -927.1111111111111, -695.3333333333335, -463.55555555555566, -231.77777777777783, 0.0], "preds": {"*smiling+0.3arched_eyebrows": [0.39284947514533997, 0.47111767530441284, 0.5657678246498108, 0.681939423084259, 0.8065398931503296, 0.9208521842956543, 1.0167115926742554, 1.1000595092773438, 1.177069067955017, 1.232857584953308], "arched_eyebrows": [0.0468, 0.0561, 0.0799, 0.1211, 0.1778, 0.2525, 0.3652, 0.5374, 0.724, 0.8585]}, "rchange": 0.9663, "diffs": 0.8117}}