{"images": {"-2400.0": {"lambda": -2400.0, "pred": 0.29029572010040283, "image_name": "0.png"}, "-2133.3333333333335": {"lambda": -2133.3333333333335, "pred": 0.375862181186676, "image_name": "1.png"}, "-1866.6666666666665": {"lambda": -1866.6666666666665, "pred": 0.46618902683258057, "image_name": "2.png"}, "-1600.0": {"lambda": -1600.0, "pred": 0.5781587362289429, "image_name": "3.png"}, "-1333.3333333333333": {"lambda": -1333.3333333333333, "pred": 0.7115595936775208, "image_name": "4.png"}, "-1066.6666666666665": {"lambda": -1066.6666666666665, "pred": 0.8560388088226318, "image_name": "5.png"}, "-800.0": {"lambda": -800.0, "pred": 0.9749206900596619, "image_name": "6.png"}, "-533.3333333333333": {"lambda": -533.3333333333333, "pred": 1.0765941143035889, "image_name": "7.png"}, "-266.6666666666665": {"lambda": -266.6666666666665, "pred": 1.1658117771148682, "image_name": "8.png"}, "0.0": {"lambda": 0.0, "pred": 1.232857584953308, "image_name": "9.png"}, "resolution": 256}, "alignment": {"lambdas": [-2400.0, -2133.3333333333335, -1866.6666666666665, -1600.0, -1333.3333333333333, -1066.6666666666665, -800.0, -533.3333333333333, -266.6666666666665, 0.0], "preds": {"*smiling+0.3arched_eyebrows": [0.29029572010040283, 0.375862181186676, 0.46618902683258057, 0.5781587362289429, 0.7115595936775208, 0.8560388088226318, 0.9749206900596619, 1.0765941143035889, 1.1658117771148682, 1.232857584953308], "arched_eyebrows": [0.0362, 0.0449, 0.0555, 0.0836, 0.1344, 0.2052, 0.3061, 0.4841, 0.6966, 0.8585], "pointy_nose": [0.048, 0.0578, 0.0691, 0.086, 0.1108, 0.1422, 0.1846, 0.2423, 0.3066, 0.3676], "high_cheekbones": [0.2438, 0.333, 0.4337, 0.5429, 0.6678, 0.7803, 0.8677, 0.9232, 0.954, 0.974]}, "rchange": 0.6621, "diffs": 0.624}}