{"images": {"-6147.0": {"lambda": -6147.0, "pred": 0.5459954738616943, "image_name": "0.png"}, "-5464.0": {"lambda": -5464.0, "pred": 0.6397138833999634, "image_name": "1.png"}, "-4781.0": {"lambda": -4781.0, "pred": 0.724579393863678, "image_name": "2.png"}, "-4098.0": {"lambda": -4098.0, "pred": 0.7971411347389221, "image_name": "3.png"}, "-3415.0": {"lambda": -3415.0, "pred": 0.8466068506240845, "image_name": "4.png"}, "-2732.0": {"lambda": -2732.0, "pred": 0.8902165293693542, "image_name": "5.png"}, "-2049.0": {"lambda": -2049.0, "pred": 0.9266159534454346, "image_name": "6.png"}, "-1366.0": {"lambda": -1366.0, "pred": 0.9523438215255737, "image_name": "7.png"}, "-683.0": {"lambda": -683.0, "pred": 0.9680942296981812, "image_name": "8.png"}, "0.0": {"lambda": 0.0, "pred": 0.9824146628379822, "image_name": "9.png"}, "resolution": 256}, "alignment": {"lambdas": [-6147.0, -5464.0, -4781.0, -4098.0, -3415.0, -2732.0, -2049.0, -1366.0, -683.0, 0.0], "preds": {"*smiling": [0.5459954738616943, 0.6397138833999634, 0.724579393863678, 0.7971411347389221, 0.8466068506240845, 0.8902165293693542, 0.9266159534454346, 0.9523438215255737, 0.9680942296981812, 0.9824146628379822], "blurry": [0.0151, 0.0152, 0.0153, 0.0152, 0.0151, 0.015, 0.0146, 0.0141, 0.0138, 0.0133], "sideburns": [0.0053, 0.0054, 0.0055, 0.0056, 0.0057, 0.0058, 0.0058, 0.0059, 0.006, 0.0061], "wearing_earrings": [0.8493, 0.8481, 0.8479, 0.8482, 0.8453, 0.8403, 0.8342, 0.8247, 0.8112, 0.7924], "bald": [0.0026, 0.0026, 0.0025, 0.0024, 0.0024, 0.0022, 0.0021, 0.0021, 0.0021, 0.0021], "goatee": [0.0042, 0.0042, 0.004, 0.0039, 0.0038, 0.0036, 0.0034, 0.0033, 0.0032, 0.003], "mustache": [0.0033, 0.0033, 0.0033, 0.0033, 0.0034, 0.0035, 0.0035, 0.0035, 0.0035, 0.0035], "5_o_clock_shadow": [0.0032, 0.0032, 0.0033, 0.0034, 0.0036, 0.0037, 0.0039, 0.0041, 0.0043, 0.0045], "arched_eyebrows": [0.8444, 0.8405, 0.8384, 0.8364, 0.8316, 0.8258, 0.821, 0.8156, 0.8087, 0.8004], "no_beard": [0.9976, 0.9975, 0.9974, 0.9971, 0.9968, 0.9965, 0.9963, 0.996, 0.9958, 0.9955], "heavy_makeup": [0.9931, 0.9936, 0.9944, 0.9951, 0.9957, 0.9961, 0.9963, 0.9965, 0.9966, 0.9969], "male": [0.0028, 0.0026, 0.0023, 0.002, 0.0017, 0.0015, 0.0013, 0.0011, 0.001, 0.0009], "wearing_lipstick": [0.9947, 0.9951, 0.9958, 0.9964, 0.9969, 0.9973, 0.9976, 0.9978, 0.9979, 0.9981], "black_hair": [0.0053, 0.0059, 0.0065, 0.0072, 0.0081, 0.0096, 0.0117, 0.0139, 0.0158, 0.0188], "high_cheekbones": [0.6504, 0.725, 0.7973, 0.8565, 0.8969, 0.9284, 0.9524, 0.9685, 0.9771, 0.9853], "smiling": [0.546, 0.6397, 0.7246, 0.7971, 0.8466, 0.8902, 0.9266, 0.9523, 0.9681, 0.9824], "mouth_slightly_open": [0.9409, 0.95, 0.9573, 0.9648, 0.9711, 0.9772, 0.9827, 0.9865, 0.9891, 0.992], "oval_face": [0.6502, 0.686, 0.7172, 0.7374, 0.7489, 0.7575, 0.7634, 0.7707, 0.7785, 0.7874], "bushy_eyebrows": [0.6057, 0.6117, 0.6116, 0.6107, 0.608, 0.6031, 0.6003, 0.5988, 0.5935, 0.5852], "attractive": [0.9975, 0.9976, 0.9978, 0.9979, 0.998, 0.998, 0.998, 0.998, 0.9979, 0.9978], "young": [0.994, 0.9941, 0.994, 0.9935, 0.9929, 0.992, 0.9914, 0.9906, 0.9895, 0.9878], "gray_hair": [0.0037, 0.0037, 0.0037, 0.0037, 0.0037, 0.0037, 0.0037, 0.0037, 0.0038, 0.0039], "brown_hair": [0.8474, 0.8434, 0.8369, 0.8285, 0.8168, 0.7948, 0.7615, 0.7206, 0.6899, 0.6569], "blond_hair": [0.0087, 0.0078, 0.0075, 0.0074, 0.0077, 0.0079, 0.0075, 0.0073, 0.0073, 0.0077], "pale_skin": [0.0069, 0.0066, 0.0064, 0.0062, 0.0063, 0.0064, 0.0063, 0.0063, 0.0064, 0.0065], "chubby": [0.0018, 0.0019, 0.0019, 0.0019, 0.002, 0.002, 0.0021, 0.0022, 0.0023, 0.0025], "double_chin": [0.0021, 0.0021, 0.0021, 0.0022, 0.0023, 0.0024, 0.0026, 0.0028, 0.003, 0.0034], "big_nose": [0.0613, 0.0748, 0.09, 0.1114, 0.1377, 0.1685, 0.206, 0.2396, 0.2584, 0.2774], "bags_under_eyes": [0.0335, 0.0427, 0.053, 0.0676, 0.0887, 0.1139, 0.1445, 0.1703, 0.1868, 0.2026], "wearing_necklace": [0.0946, 0.0988, 0.1026, 0.1058, 0.108, 0.1114, 0.1154, 0.121, 0.1258, 0.1325], "wearing_necktie": [0.0055, 0.0052, 0.005, 0.0048, 0.0045, 0.0042, 0.0039, 0.0035, 0.0033, 0.0032], "rosy_cheeks": [0.0346, 0.0389, 0.0441, 0.0492, 0.0535, 0.0604, 0.0686, 0.0768, 0.0819, 0.088], "bangs": [0.0098, 0.0095, 0.0092, 0.0089, 0.0086, 0.0083, 0.0078, 0.0074, 0.0072, 0.0071], "wavy_hair": [0.5101, 0.4984, 0.4878, 0.4695, 0.4464, 0.4322, 0.4242, 0.4233, 0.4352, 0.4583], "straight_hair": [0.1388, 0.1443, 0.1476, 0.154, 0.1623, 0.1672, 0.169, 0.1678, 0.1625, 0.1506], "wearing_hat": [0.0035, 0.0035, 0.0035, 0.0034, 0.0034, 0.0033, 0.0033, 0.0032, 0.0031, 0.0031], "big_lips": [0.3339, 0.3412, 0.3468, 0.3459, 0.3389, 0.335, 0.3358, 0.3345, 0.3277, 0.3198], "narrow_eyes": [0.0287, 0.028, 0.0284, 0.0296, 0.0307, 0.0325, 0.0348, 0.036, 0.0367, 0.038], "pointy_nose": [0.5518, 0.544, 0.5383, 0.531, 0.5229, 0.5189, 0.5131, 0.5064, 0.4951, 0.4826], "receding_hairline": [0.0122, 0.0121, 0.0122, 0.0123, 0.0123, 0.0121, 0.012, 0.0121, 0.0122, 0.0122], "eyeglasses": [0.0034, 0.0035, 0.0036, 0.0037, 0.0038, 0.0037, 0.0036, 0.0035, 0.0034, 0.0034]}, "rchange": 0.0582, "diffs": 0.0506}}