{"images": {"-372.0": {"lambda": -372.0, "pred": 0.04850205406546593, "image_name": "0.png"}, "-330.6666666666667": {"lambda": -330.6666666666667, "pred": 0.0541226901113987, "image_name": "1.png"}, "-289.3333333333333": {"lambda": -289.3333333333333, "pred": 0.06179172918200493, "image_name": "2.png"}, "-248.0": {"lambda": -248.0, "pred": 0.07157114148139954, "image_name": "3.png"}, "-206.66666666666666": {"lambda": -206.66666666666666, "pred": 0.08456467092037201, "image_name": "4.png"}, "-165.33333333333331": {"lambda": -165.33333333333331, "pred": 0.10484980791807175, "image_name": "5.png"}, "-124.0": {"lambda": -124.0, "pred": 0.13327278196811676, "image_name": "6.png"}, "-82.66666666666663": {"lambda": -82.66666666666663, "pred": 0.17201514542102814, "image_name": "7.png"}, "-41.333333333333314": {"lambda": -41.333333333333314, "pred": 0.2311488687992096, "image_name": "8.png"}, "0.0": {"lambda": 0.0, "pred": 0.3197580575942993, "image_name": "9.png"}, "resolution": 256}, "alignment": {"lambdas": [-372.0, -330.6666666666667, -289.3333333333333, -248.0, -206.66666666666666, -165.33333333333331, -124.0, -82.66666666666663, -41.333333333333314, 0.0], "preds": {"*big_lips": [0.04850205406546593, 0.0541226901113987, 0.06179172918200493, 0.07157114148139954, 0.08456467092037201, 0.10484980791807175, 0.13327278196811676, 0.17201514542102814, 0.2311488687992096, 0.3197580575942993], "wearing_lipstick": [0.9967, 0.9969, 0.9971, 0.9973, 0.9976, 0.9977, 0.9978, 0.9979, 0.998, 0.9981], "arched_eyebrows": [0.6002, 0.6211, 0.6415, 0.6613, 0.6839, 0.7045, 0.7269, 0.7491, 0.7724, 0.8004], "pointy_nose": [0.3826, 0.3935, 0.4045, 0.4153, 0.4259, 0.4377, 0.4488, 0.4589, 0.4695, 0.4826], "high_cheekbones": [0.9856, 0.9858, 0.9861, 0.9863, 0.9863, 0.9861, 0.9859, 0.9858, 0.9856, 0.9853], "young": [0.9745, 0.9753, 0.9763, 0.9774, 0.9787, 0.9799, 0.9815, 0.9834, 0.9855, 0.9878]}, "rchange": 0.232, "diffs": 0.0632}}