{"images": {"-372.0": {"lambda": -372.0, "pred": 0.04850205406546593, "image_name": "0.png"}, "-330.6666666666667": {"lambda": -330.6666666666667, "pred": 0.05412266030907631, "image_name": "1.png"}, "-289.3333333333333": {"lambda": -289.3333333333333, "pred": 0.06179169937968254, "image_name": "2.png"}, "-248.0": {"lambda": -248.0, "pred": 0.07157111167907715, "image_name": "3.png"}, "-206.66666666666666": {"lambda": -206.66666666666666, "pred": 0.0845647007226944, "image_name": "4.png"}, "-165.33333333333331": {"lambda": -165.33333333333331, "pred": 0.10484980791807175, "image_name": "5.png"}, "-124.0": {"lambda": -124.0, "pred": 0.13327281177043915, "image_name": "6.png"}, "-82.66666666666663": {"lambda": -82.66666666666663, "pred": 0.17201510071754456, "image_name": "7.png"}, "-41.333333333333314": {"lambda": -41.333333333333314, "pred": 0.231148824095726, "image_name": "8.png"}, "0.0": {"lambda": 0.0, "pred": 0.3197580575942993, "image_name": "9.png"}, "resolution": 256}, "alignment": {"lambdas": [-372.0, -330.6666666666667, -289.3333333333333, -248.0, -206.66666666666666, -165.33333333333331, -124.0, -82.66666666666663, -41.333333333333314, 0.0], "preds": {"*big_lips": [0.04850205406546593, 0.05412266030907631, 0.06179169937968254, 0.07157111167907715, 0.0845647007226944, 0.10484980791807175, 0.13327281177043915, 0.17201510071754456, 0.231148824095726, 0.3197580575942993], "blurry": [0.0138, 0.0139, 0.0141, 0.0142, 0.0143, 0.0143, 0.0142, 0.014, 0.0137, 0.0133], "sideburns": [0.0055, 0.0055, 0.0056, 0.0057, 0.0058, 0.0059, 0.0059, 0.006, 0.006, 0.0061], "wearing_earrings": [0.7616, 0.7638, 0.7664, 0.7689, 0.7716, 0.7751, 0.7784, 0.7825, 0.7867, 0.7924], "bald": [0.0018, 0.0018, 0.0018, 0.0019, 0.0019, 0.0019, 0.0019, 0.0019, 0.002, 0.0021], "goatee": [0.003, 0.0031, 0.0031, 0.0031, 0.0031, 0.0031, 0.0031, 0.0031, 0.0031, 0.003], "mustache": [0.0042, 0.0042, 0.0041, 0.0041, 0.004, 0.0039, 0.0038, 0.0037, 0.0036, 0.0035], "5_o_clock_shadow": [0.004, 0.0041, 0.0041, 0.0042, 0.0042, 0.0043, 0.0044, 0.0045, 0.0046, 0.0045], "arched_eyebrows": [0.6002, 0.6211, 0.6415, 0.6613, 0.6839, 0.7045, 0.7269, 0.7491, 0.7724, 0.8004], "no_beard": [0.9942, 0.9943, 0.9944, 0.9945, 0.9946, 0.9947, 0.9948, 0.995, 0.9953, 0.9955], "heavy_makeup": [0.9939, 0.9943, 0.9948, 0.9952, 0.9957, 0.9959, 0.9962, 0.9965, 0.9967, 0.9969], "male": [0.0011, 0.0011, 0.0011, 0.0011, 0.001, 0.001, 0.001, 0.001, 0.001, 0.0009], "wearing_lipstick": [0.9967, 0.9969, 0.9971, 0.9973, 0.9976, 0.9977, 0.9978, 0.9979, 0.998, 0.9981], "black_hair": [0.014, 0.0142, 0.0143, 0.0144, 0.0147, 0.0151, 0.0155, 0.0162, 0.0173, 0.0188], "high_cheekbones": [0.9856, 0.9858, 0.9861, 0.9863, 0.9863, 0.9861, 0.9859, 0.9858, 0.9856, 0.9853], "smiling": [0.9812, 0.9816, 0.982, 0.9824, 0.9825, 0.9823, 0.9823, 0.9825, 0.9825, 0.9824], "mouth_slightly_open": [0.9923, 0.9925, 0.9927, 0.9928, 0.9927, 0.9926, 0.9925, 0.9924, 0.9922, 0.992], "oval_face": [0.9257, 0.9221, 0.9176, 0.912, 0.9044, 0.8933, 0.8782, 0.8595, 0.8307, 0.7874], "bushy_eyebrows": [0.212, 0.2357, 0.2599, 0.2887, 0.323, 0.3633, 0.4102, 0.4667, 0.5252, 0.5852], "attractive": [0.9983, 0.9983, 0.9983, 0.9983, 0.9983, 0.9983, 0.9982, 0.9982, 0.998, 0.9978], "young": [0.9745, 0.9753, 0.9763, 0.9774, 0.9787, 0.9799, 0.9815, 0.9834, 0.9855, 0.9878], "gray_hair": [0.0032, 0.0032, 0.0033, 0.0033, 0.0034, 0.0035, 0.0035, 0.0037, 0.0038, 0.0039], "brown_hair": [0.6393, 0.6448, 0.651, 0.6574, 0.6632, 0.6686, 0.6713, 0.6711, 0.6674, 0.6569], "blond_hair": [0.025, 0.0235, 0.0221, 0.021, 0.0197, 0.018, 0.0154, 0.0124, 0.0097, 0.0077], "pale_skin": [0.0139, 0.0129, 0.012, 0.0112, 0.0103, 0.0096, 0.0088, 0.008, 0.0072, 0.0065], "chubby": [0.0034, 0.0033, 0.0033, 0.0032, 0.0031, 0.003, 0.0029, 0.0028, 0.0027, 0.0025], "double_chin": [0.0035, 0.0034, 0.0034, 0.0034, 0.0034, 0.0035, 0.0034, 0.0034, 0.0034, 0.0034], "big_nose": [0.0562, 0.063, 0.0713, 0.08, 0.0912, 0.1068, 0.1314, 0.1686, 0.2147, 0.2774], "bags_under_eyes": [0.1111, 0.1153, 0.1196, 0.1231, 0.1272, 0.1346, 0.148, 0.1663, 0.1842, 0.2026], "wearing_necklace": [0.0685, 0.0726, 0.0778, 0.0833, 0.0886, 0.0949, 0.1023, 0.1114, 0.1216, 0.1325], "wearing_necktie": [0.0029, 0.0029, 0.003, 0.003, 0.003, 0.003, 0.003, 0.003, 0.0031, 0.0032], "rosy_cheeks": [0.0802, 0.0798, 0.0803, 0.0812, 0.0811, 0.0806, 0.0814, 0.0834, 0.0858, 0.088], "bangs": [0.0063, 0.0063, 0.0063, 0.0064, 0.0065, 0.0066, 0.0068, 0.007, 0.0071, 0.0071], "wavy_hair": [0.5481, 0.5604, 0.5683, 0.5668, 0.5621, 0.5551, 0.546, 0.5297, 0.5004, 0.4583], "straight_hair": [0.0758, 0.0751, 0.0757, 0.0798, 0.0849, 0.0913, 0.0991, 0.1098, 0.1266, 0.1506], "wearing_hat": [0.0028, 0.0027, 0.0027, 0.0028, 0.0028, 0.0028, 0.0029, 0.0029, 0.003, 0.0031], "big_lips": [0.0485, 0.0541, 0.0618, 0.0716, 0.0846, 0.1048, 0.1333, 0.172, 0.2311, 0.3198], "narrow_eyes": [0.0082, 0.009, 0.01, 0.0111, 0.0126, 0.0147, 0.0179, 0.0224, 0.0283, 0.038], "pointy_nose": [0.3826, 0.3935, 0.4045, 0.4153, 0.4259, 0.4377, 0.4488, 0.4589, 0.4695, 0.4826], "receding_hairline": [0.0087, 0.0088, 0.0089, 0.0089, 0.0092, 0.0094, 0.0098, 0.0104, 0.0111, 0.0122], "eyeglasses": [0.0042, 0.0041, 0.004, 0.0039, 0.0038, 0.0037, 0.0036, 0.0035, 0.0034, 0.0034]}, "rchange": 0.1159, "diffs": 0.0452}}