{"images": {"-19513.0": {"lambda": -19513.0, "pred": 0.22953122854232788, "image_name": "0.png"}, "-17344.88888888889": {"lambda": -17344.88888888889, "pred": 0.29889094829559326, "image_name": "1.png"}, "-15176.777777777777": {"lambda": -15176.777777777777, "pred": 0.3929608464241028, "image_name": "2.png"}, "-13008.666666666666": {"lambda": -13008.666666666666, "pred": 0.51051265001297, "image_name": "3.png"}, "-10840.555555555555": {"lambda": -10840.555555555555, "pred": 0.6701841950416565, "image_name": "4.png"}, "-8672.444444444443": {"lambda": -8672.444444444443, "pred": 0.8324821591377258, "image_name": "5.png"}, "-6504.333333333332": {"lambda": -6504.333333333332, "pred": 0.9393101334571838, "image_name": "6.png"}, "-4336.222222222221": {"lambda": -4336.222222222221, "pred": 0.9803003072738647, "image_name": "7.png"}, "-2168.1111111111095": {"lambda": -2168.1111111111095, "pred": 0.9936962723731995, "image_name": "8.png"}, "0.0": {"lambda": 0.0, "pred": 0.997775137424469, "image_name": "9.png"}, "resolution": 256}, "alignment": {"lambdas": [-19513.0, -17344.88888888889, -15176.777777777777, -13008.666666666666, -10840.555555555555, -8672.444444444443, -6504.333333333332, -4336.222222222221, -2168.1111111111095, 0.0], "preds": {"*attractive": [0.22953122854232788, 0.29889094829559326, 0.3929608464241028, 0.51051265001297, 0.6701841950416565, 0.8324821591377258, 0.9393101334571838, 0.9803003072738647, 0.9936962723731995, 0.997775137424469], "wearing_lipstick": [0.8491, 0.9108, 0.9498, 0.9719, 0.9845, 0.991, 0.9945, 0.9963, 0.9974, 0.9981], "arched_eyebrows": [0.7745, 0.7821, 0.7953, 0.8051, 0.8144, 0.8211, 0.8243, 0.8211, 0.8115, 0.8004], "pointy_nose": [0.3465, 0.3806, 0.4141, 0.44, 0.4577, 0.4697, 0.4825, 0.4856, 0.4856, 0.4826], "high_cheekbones": [0.9814, 0.984, 0.9856, 0.9872, 0.9882, 0.9886, 0.9883, 0.9876, 0.9866, 0.9853], "young": [0.6876, 0.7101, 0.7444, 0.7841, 0.8344, 0.8812, 0.9274, 0.9581, 0.9778, 0.9878]}, "rchange": 0.1601, "diffs": 0.1291}}