{"images": {"-16109.0": {"lambda": -16109.0, "pred": 0.35285109281539917, "image_name": "0.png"}, "-14319.111111111111": {"lambda": -14319.111111111111, "pred": 0.43666839599609375, "image_name": "1.png"}, "-12529.222222222223": {"lambda": -12529.222222222223, "pred": 0.541951060295105, "image_name": "2.png"}, "-10739.333333333332": {"lambda": -10739.333333333332, "pred": 0.6787624359130859, "image_name": "3.png"}, "-8949.444444444445": {"lambda": -8949.444444444445, "pred": 0.8135424852371216, "image_name": "4.png"}, "-7159.555555555555": {"lambda": -7159.555555555555, "pred": 0.9165139198303223, "image_name": "5.png"}, "-5369.666666666666": {"lambda": -5369.666666666666, "pred": 0.9661877155303955, "image_name": "6.png"}, "-3579.7777777777774": {"lambda": -3579.7777777777774, "pred": 0.9867959022521973, "image_name": "7.png"}, "-1789.8888888888887": {"lambda": -1789.8888888888887, "pred": 0.994825005531311, "image_name": "8.png"}, "0.0": {"lambda": 0.0, "pred": 0.997775137424469, "image_name": "9.png"}, "resolution": 256}, "alignment": {"lambdas": [-16109.0, -14319.111111111111, -12529.222222222223, -10739.333333333332, -8949.444444444445, -7159.555555555555, -5369.666666666666, -3579.7777777777774, -1789.8888888888887, 0.0], "preds": {"*attractive": [0.35285109281539917, 0.43666839599609375, 0.541951060295105, 0.6787624359130859, 0.8135424852371216, 0.9165139198303223, 0.9661877155303955, 0.9867959022521973, 0.994825005531311, 0.997775137424469], "blurry": [0.0049, 0.0051, 0.0056, 0.0062, 0.0071, 0.0082, 0.0094, 0.0106, 0.0119, 0.0133], "sideburns": [0.0052, 0.0053, 0.0053, 0.0054, 0.0055, 0.0056, 0.0058, 0.0059, 0.006, 0.0061], "wearing_earrings": [0.8182, 0.8187, 0.8176, 0.8169, 0.8164, 0.8156, 0.8135, 0.809, 0.8024, 0.7924], "bald": [0.0035, 0.0034, 0.0033, 0.0031, 0.0029, 0.0026, 0.0025, 0.0023, 0.0022, 0.0021], "goatee": [0.004, 0.004, 0.0039, 0.0038, 0.0038, 0.0036, 0.0032, 0.003, 0.003, 0.003], "mustache": [0.0045, 0.0045, 0.0044, 0.0043, 0.0042, 0.004, 0.0037, 0.0036, 0.0035, 0.0035], "5_o_clock_shadow": [0.0036, 0.0033, 0.0034, 0.0034, 0.0035, 0.0036, 0.0039, 0.0041, 0.0043, 0.0045], "arched_eyebrows": [0.7896, 0.7998, 0.8072, 0.8148, 0.8204, 0.824, 0.8239, 0.8179, 0.8098, 0.8004], "no_beard": [0.9976, 0.9976, 0.9973, 0.997, 0.9968, 0.9964, 0.996, 0.9957, 0.9956, 0.9955], "heavy_makeup": [0.678, 0.793, 0.8832, 0.9383, 0.9663, 0.9815, 0.9893, 0.9932, 0.9955, 0.9969], "male": [0.0058, 0.0041, 0.0032, 0.0025, 0.0021, 0.0018, 0.0015, 0.0013, 0.0011, 0.0009], "wearing_lipstick": [0.9352, 0.9599, 0.9753, 0.9849, 0.9904, 0.9936, 0.9956, 0.9968, 0.9976, 0.9981], "black_hair": [0.0256, 0.025, 0.0244, 0.024, 0.0235, 0.0228, 0.0217, 0.0207, 0.0198, 0.0188], "high_cheekbones": [0.985, 0.9863, 0.9874, 0.9882, 0.9885, 0.9884, 0.988, 0.9873, 0.9864, 0.9853], "smiling": [0.9816, 0.982, 0.9824, 0.9828, 0.9827, 0.9822, 0.9821, 0.9822, 0.9824, 0.9824], "mouth_slightly_open": [0.9953, 0.9952, 0.9949, 0.9946, 0.9943, 0.9937, 0.9932, 0.9926, 0.9922, 0.992], "oval_face": [0.1858, 0.207, 0.2375, 0.2759, 0.3221, 0.3837, 0.4613, 0.5632, 0.6807, 0.7874], "bushy_eyebrows": [0.4966, 0.5215, 0.5419, 0.5526, 0.5593, 0.5657, 0.575, 0.5809, 0.5849, 0.5852], "attractive": [0.3529, 0.4367, 0.542, 0.6788, 0.8135, 0.9165, 0.9662, 0.9868, 0.9948, 0.9978], "young": [0.7314, 0.7583, 0.7939, 0.8366, 0.8746, 0.9156, 0.9452, 0.9663, 0.9803, 0.9878], "gray_hair": [0.0057, 0.0049, 0.0045, 0.0043, 0.0041, 0.004, 0.004, 0.0041, 0.004, 0.0039], "brown_hair": [0.4369, 0.4707, 0.5053, 0.5415, 0.5695, 0.5965, 0.6145, 0.6309, 0.6459, 0.6569], "blond_hair": [0.0052, 0.0049, 0.0048, 0.005, 0.0053, 0.0056, 0.0059, 0.0067, 0.0074, 0.0077], "pale_skin": [0.0021, 0.0022, 0.0024, 0.0026, 0.0029, 0.0033, 0.0037, 0.0043, 0.0052, 0.0065], "chubby": [0.012, 0.0096, 0.0076, 0.0062, 0.0052, 0.0044, 0.0038, 0.0032, 0.0028, 0.0025], "double_chin": [0.0563, 0.0407, 0.0285, 0.0194, 0.0139, 0.0103, 0.0076, 0.0058, 0.0045, 0.0034], "big_nose": [0.6469, 0.6212, 0.5978, 0.572, 0.5431, 0.5061, 0.4578, 0.4063, 0.3491, 0.2774], "bags_under_eyes": [0.6579, 0.6273, 0.5866, 0.5373, 0.4848, 0.4329, 0.3751, 0.3181, 0.2606, 0.2026], "wearing_necklace": [0.2833, 0.2748, 0.2631, 0.2508, 0.2355, 0.2148, 0.1904, 0.1684, 0.1488, 0.1325], "wearing_necktie": [0.0021, 0.0022, 0.0023, 0.0024, 0.0026, 0.0027, 0.0027, 0.0028, 0.0029, 0.0032], "rosy_cheeks": [0.1071, 0.1266, 0.1439, 0.1541, 0.1572, 0.1545, 0.145, 0.1262, 0.1066, 0.088], "bangs": [0.0051, 0.0052, 0.0053, 0.0056, 0.006, 0.0063, 0.0065, 0.0067, 0.0068, 0.0071], "wavy_hair": [0.3616, 0.377, 0.383, 0.3855, 0.3918, 0.4016, 0.4147, 0.4328, 0.4443, 0.4583], "straight_hair": [0.1314, 0.1365, 0.1417, 0.1457, 0.1476, 0.1495, 0.1502, 0.1505, 0.1517, 0.1506], "wearing_hat": [0.004, 0.0039, 0.0038, 0.0037, 0.0036, 0.0034, 0.0033, 0.0032, 0.0031, 0.0031], "big_lips": [0.2933, 0.3009, 0.3055, 0.3123, 0.3219, 0.3331, 0.3389, 0.3389, 0.3319, 0.3198], "narrow_eyes": [0.0324, 0.0335, 0.0351, 0.0372, 0.0387, 0.0403, 0.0416, 0.0416, 0.0402, 0.038], "pointy_nose": [0.4001, 0.4257, 0.4444, 0.4584, 0.4678, 0.4793, 0.4858, 0.4846, 0.485, 0.4826], "receding_hairline": [0.0879, 0.0724, 0.0614, 0.0534, 0.0465, 0.0391, 0.0314, 0.0233, 0.0169, 0.0122], "eyeglasses": [0.0033, 0.0033, 0.0033, 0.0033, 0.0033, 0.0033, 0.0033, 0.0033, 0.0033, 0.0034]}, "rchange": 0.0494, "diffs": 0.0936}}