{"images": {"-1541.0": {"lambda": -1541.0, "pred": 0.37397629022598267, "image_name": "0.png"}, "-1369.7777777777778": {"lambda": -1369.7777777777778, "pred": 0.48982611298561096, "image_name": "1.png"}, "-1198.5555555555557": {"lambda": -1198.5555555555557, "pred": 0.6131961345672607, "image_name": "2.png"}, "-1027.3333333333333": {"lambda": -1027.3333333333333, "pred": 0.7297428846359253, "image_name": "3.png"}, "-856.1111111111111": {"lambda": -856.1111111111111, "pred": 0.8221553564071655, "image_name": "4.png"}, "-684.8888888888889": {"lambda": -684.8888888888889, "pred": 0.8850148320198059, "image_name": "5.png"}, "-513.6666666666665": {"lambda": -513.6666666666665, "pred": 0.9200719594955444, "image_name": "6.png"}, "-342.44444444444434": {"lambda": -342.44444444444434, "pred": 0.9452524781227112, "image_name": "7.png"}, "-171.22222222222217": {"lambda": -171.22222222222217, "pred": 0.9634564518928528, "image_name": "8.png"}, "0.0": {"lambda": 0.0, "pred": 0.9753002524375916, "image_name": "9.png"}, "resolution": 256}, "alignment": {"lambdas": [-1541.0, -1369.7777777777778, -1198.5555555555557, -1027.3333333333333, -856.1111111111111, -684.8888888888889, -513.6666666666665, -342.44444444444434, -171.22222222222217, 0.0], "preds": {"*FaceAttribute (smiling)": [0.37397629022598267, 0.48982611298561096, 0.6131961345672607, 0.7297428846359253, 0.8221553564071655, 0.8850148320198059, 0.9200719594955444, 0.9452524781227112, 0.9634564518928528, 0.9753002524375916], "FaceAttribute (arched_eyebrows)": [0.8571, 0.8576, 0.8579, 0.8585, 0.859, 0.8593, 0.8593, 0.8594, 0.8595, 0.8585], "FaceAttribute (pointy_nose)": [0.2713, 0.2763, 0.2836, 0.296, 0.3087, 0.3193, 0.3293, 0.3412, 0.354, 0.3676], "FaceAttribute (high_cheekbones)": [0.578, 0.6592, 0.7345, 0.8036, 0.8593, 0.9026, 0.9303, 0.9499, 0.9641, 0.974]}, "rchange": 0.2737, "diffs": 0.1649}}